{
  "region_0": {
    "name": "Baden-Württemberg",
    "dates": {
      "new_year": {
        "date": "01.01.",
        "type": "state"
      },
      "epiphany": {
        "date": "06.01.",
        "type": "religious"
      },
      "good_friday": {
        "date": "",
        "type": "religious"
      },
      "easter_monday": {
        "date": "",
        "type": "religious"
      },
      "labour_day": {
        "date": "01.05.",
        "type": "state"
      },
      "ascension_day": {
        "date": "",
        "type": "religious"
      },
      "whit_monday": {
        "date": "",
        "type": "religious"
      },
      "corpus_christi": {
        "date": "",
        "type": "religious"
      },
      "german_unity_day": {
        "date": "03.10.",
        "type": "state"
      },
      "all_saints_day": {
        "date": "01.11.",
        "type": "religious"
      },
      "repentance_and_prayer_day": {
        "date": "26.12.",
        "type": "religious"
      },
      "christmas": {
        "date": "25.12.",
        "type": "religious"
      },
      "st_stephens_day": {
        "date": "26.12.",
        "type": "religious"
      }
    }
  },
  "region_1": {
    "name": "Bayern",
    "dates": {
      "new_year": {
        "date": "01.01.",
        "type": "state"
      },
      "epiphany": {
        "date": "06.01.",
        "type": "religious"
      },
      "good_friday": {
        "date": "",
        "type": "religious"
      },
      "easter_monday": {
        "date": "",
        "type": "religious"
      },
      "labour_day": {
        "date": "01.05.",
        "type": "state"
      },
      "ascension_day": {
        "date": "",
        "type": "eligious"
      },
      "whit_monday": {
        "date": "",
        "type": "religious"
      },
      "corpus_christi": {
        "date": "",
        "type": "religious"
      },
      "assumption_of_mary": {
        "date": "15.08.",
        "type": "religious"
      },
      "german_unity_day": {
        "date": "03.10.",
        "type": "state"
      },
      "all_saints_day": {
        "date": "01.11.",
        "type": "religious"
      },
      "repentance_and_prayer_day": {
        "date": "26.12.",
        "type": "religious"
      },
      "christmas": {
        "date": "25.12.",
        "type": "religious"
      },
      "st_stephens_day": {
        "date": "26.12.",
        "type": "religious"
      }
    }
  },
  "region_2": {
    "name": "Berlin",
    "dates": {
      "new_year": {
        "date": "01.01.",
        "type": "state"
      },
      "womens_day" :{
        "date" : "08.03.",
        "type" : "state"
    },
      "good_friday": {
        "date": "",
        "type": "religious"
      },
      "easter_monday": {
        "date": "",
        "type": "religious"
      },
      "labour_day": {
        "date": "01.05.",
        "type": "state"
      },
      "ascension_day": {
        "date": "",
        "type": "religious"
      },
      "whit_monday": {
        "date": "",
        "type": "religious"
      },
      "german_unity_day": {
        "date": "03.10.",
        "type": "state"
      },
      "christmas": {
        "date": "25.12.",
        "type": "religious"
      },
      "st_stephens_day": {
        "date": "26.12.",
        "type": "religious"
      }
    }
  },
  "region_3": {
    "name": "Brandenburg",
    "dates": {
      "new_year": {
        "date": "01.01.",
        "type": "state"
      },
      "good_friday": {
        "date": "",
        "type": "religious"
      },
      "easter_monday": {
        "date": "",
        "type": "religious"
      },
      "labour_day": {
        "date": "01.05.",
        "type": "state"
      },
      "ascension_day": {
        "date": "",
        "type": "religious"
      },
      "whit_monday": {
        "date": "",
        "type": "religious"
      },
      "german_unity_day": {
        "date": "03.10.",
        "type": "state"
      },
      "reformation_day": {
        "date": "31.10.",
        "type": "state"
      },
      "christmas": {
        "date": "25.12.",
        "type": "religious"
      },
      "st_stephens_day": {
        "date": "26.12.",
        "type": "religious"
      }
    }
  },
  "region_4": {
    "name": "Bremen",
    "dates": {
      "new_year": {
        "date": "01.01.",
        "type": "state"
      },
      "good_friday": {
        "date": "",
        "type": "religious"
      },
      "easter_monday": {
        "date": "",
        "type": "religious"
      },
      "labour_day": {
        "date": "01.05.",
        "type": "state"
      },
      "ascension_day": {
        "date": "",
        "type": "religious"
      },
      "whit_monday": {
        "date": "",
        "type": "religious"
      },
      "german_unity_day": {
        "date": "03.10.",
        "type": "state"
      },
      "reformation_day": {
        "date": "31.10.",
        "type": "state"
      },
      "christmas": {
        "date": "25.12.",
        "type": "religious"
      },
      "st_stephens_day": {
        "date": "26.12.",
        "type": "religious"
      }
    }
  },
  "region_5": {
    "name": "Hamburg",
    "dates": {
      "new_year": {
        "date": "01.01.",
        "type": "state"
      },
      "good_friday": {
        "date": "",
        "type": "religious"
      },
      "easter_monday": {
        "date": "",
        "type": "religious"
      },
      "labour_day": {
        "date": "01.05.",
        "type": "state"
      },
      "ascension_day": {
        "date": "",
        "type": "religious"
      },
      "whit_monday": {
        "date": "",
        "type": "religious"
      },
      "german_unity_day": {
        "date": "03.10.",
        "type": "state"
      },
      "reformation_day": {
        "date": "31.10.",
        "type": "state"
      },
      "christmas": {
        "date": "25.12.",
        "type": "religious"
      },
      "st_stephens_day": {
        "date": "26.12.",
        "type": "religious"
      }
    }
  },
  "region_6": {
    "name": "Hesse",
    "dates": {
      "new_year": {
        "date": "01.01.",
        "type": "state"
      },
      "good_friday": {
        "date": "",
        "type": "religious"
      },
      "easter_monday": {
        "date": "",
        "type": "religious"
      },
      "labour_day": {
        "date": "01.05.",
        "type": "state"
      },
      "ascension_day": {
        "date": "",
        "type": "religious"
      },
      "whit_monday": {
        "date": "",
        "type": "religious"
      },
      "corpus_christi": {
        "date": "",
        "type": "religious"
      },
      "german_unity_day": {
        "date": "03.10.",
        "type": "state"
      },
      "christmas": {
        "date": "25.12.",
        "type": "religious"
      },
      "st_stephens_day": {
        "date": "26.12.",
        "type": "religious"
      }
    }
  },
  "region_7": {
    "name": "Mecklenbrug-Vorpommern",
    "dates": {
      "new_year": {
        "date": "01.01.",
        "type": "state"
      },
      "good_friday": {
        "date": "",
        "type": "religious"
      },
      "easter_monday": {
        "date": "",
        "type": "religious"
      },
      "labour_day": {
        "date": "01.05.",
        "type": "state"
      },
      "ascension_day": {
        "date": "",
        "type": "religious"
      },
      "whit_monday": {
        "date": "",
        "type": "religious"
      },
      "german_unity_day": {
        "date": "03.10.",
        "type": "state"
      },
      "reformation_day": {
        "date": "31.10.",
        "type": "state"
      },
      "christmas": {
        "date": "25.12.",
        "type": "religious"
      },
      "st_stephens_day": {
        "date": "26.12.",
        "type": "religious"
      }
    }
  },
  "region_8": {
    "name": "Niedersachsen",
    "dates": {
      "new_year": {
        "date": "01.01.",
        "type": "state"
      },
      "good_friday": {
        "date": "",
        "type": "religious"
      },
      "easter_monday": {
        "date": "",
        "type": "religious"
      },
      "labour_day": {
        "date": "01.05.",
        "type": "state"
      },
      "ascension_day": {
        "date": "",
        "type": "religious"
      },
      "whit_monday": {
        "date": "",
        "type": "religious"
      },
      "german_unity_day": {
        "date": "03.10.",
        "type": "state"
      },
      "reformation_day": {
        "date": "31.10.",
        "type": "state"
      },
      "christmas": {
        "date": "25.12.",
        "type": "religious"
      },
      "st_stephens_day": {
        "date": "26.12.",
        "type": "religious"
      }
    }
  },
  "region_9": {
    "name": "Nordrhein-Westfalen",
    "dates": {
      "new_year": {
        "date": "01.01.",
        "type": "state"
      },
      "good_friday": {
        "date": "",
        "type": "religious"
      },
      "easter_monday": {
        "date": "",
        "type": "religious"
      },
      "labour_day": {
        "date": "01.05.",
        "type": "state"
      },
      "ascension_day": {
        "date": "",
        "type": "religious"
      },
      "whit_monday": {
        "date": "",
        "type": "religious"
      },
      "corpus_christi": {
        "date": "",
        "type": "religious"
      },
      "german_unity_day": {
        "date": "03.10.",
        "type": "state"
      },
      "all_saints_day": {
        "date": "01.11.",
        "type": "religious"
      },
      "christmas": {
        "date": "25.12.",
        "type": "religious"
      },
      "st_stephens_day": {
        "date": "26.12.",
        "type": "religious"
      }
    }
  },
  "region_10": {
    "name": "Rheinland-Pfalz",
    "dates": {
      "new_year": {
        "date": "01.01.",
        "type": "state"
      },
      "good_friday": {
        "date": "",
        "type": "religious"
      },
      "easter_monday": {
        "date": "",
        "type": "religious"
      },
      "labour_day": {
        "date": "01.05.",
        "type": "state"
      },
      "ascension_day": {
        "date": "",
        "type": "religious"
      },
      "whit_monday": {
        "date": "",
        "type": "religious"
      },
      "corpus_christi": {
        "date": "",
        "type": "religious"
      },
      "german_unity_day": {
        "date": "03.10.",
        "type": "state"
      },
      "all_saints_day": {
        "date": "01.11.",
        "type": "religious"
      },
      "christmas": {
        "date": "25.12.",
        "type": "religious"
      },
      "st_stephens_day": {
        "date": "26.12.",
        "type": "religious"
      }
    }
  },
  "region_11": {
    "name": "Saarland",
    "dates": {
      "new_year": {
        "date": "01.01.",
        "type": "state"
      },
      "good_friday": {
        "date": "",
        "type": "religious"
      },
      "easter_monday": {
        "date": "",
        "type": "religious"
      },
      "labour_day": {
        "date": "01.05.",
        "type": "state"
      },
      "ascension_day": {
        "date": "",
        "type": "religious"
      },
      "whit_monday": {
        "date": "",
        "type": "religious"
      },
      "corpus_christi": {
        "date": "",
        "type": "religious"
      },
      "assumption_of_mary": {
        "date": "15.08.",
        "type": "religious"
      },
      "german_unity_day": {
        "date": "03.10.",
        "type": "state"
      },
      "all_saints_day": {
        "date": "01.11.",
        "type": "religious"
      },
      "christmas": {
        "date": "25.12.",
        "type": "religious"
      },
      "st_stephens_day": {
        "date": "26.12.",
        "type": "religious"
      }
    }
  },
  "region_12": {
    "name": "Sachsen",
    "dates": {
      "new_year": {
        "date": "01.01.",
        "type": "state"
      },
      "good_friday": {
        "date": "",
        "type": "religious"
      },
      "easter_monday": {
        "date": "",
        "type": "religious"
      },
      "labour_day": {
        "date": "01.05.",
        "type": "state"
      },
      "ascension_day": {
        "date": "",
        "type": "religious"
      },
      "whit_monday": {
        "date": "",
        "type": "religious"
      },
      "german_unity_day": {
        "date": "03.10.",
        "type": "state"
      },
      "reformation_day": {
        "date": "31.10.",
        "type": "state"
      },
      "repentance_and_prayer_day": {
        "date": "",
        "type": "religious"
      },
      "christmas": {
        "date": "25.12.",
        "type": "religious"
      },
      "st_stephens_day": {
        "date": "26.12.",
        "type": "religious"
      }
    }
  },
  "region_13": {
    "name": "Sachsen-Anhalt",
    "dates": {
      "new_year": {
        "date": "01.01.",
        "type": "state"
      },
      "epiphany": {
        "date": "06.01.",
        "type": "religious"
      },
      "good_friday": {
        "date": "",
        "type": "religious"
      },
      "easter_monday": {
        "date": "",
        "type": "religious"
      },
      "labour_day": {
        "date": "01.05.",
        "type": "state"
      },
      "ascension_day": {
        "date": "",
        "type": "religious"
      },
      "whit_monday": {
        "date": "",
        "type": "religious"
      },
      "german_unity_day": {
        "date": "03.10.",
        "type": "state"
      },
      "reformation_day": {
        "date": "31.10.",
        "type": "state"
      },
      "christmas": {
        "date": "25.12.",
        "type": "religious"
      },
      "st_stephens_day": {
        "date": "26.12.",
        "type": "religious"
      }
    }
  },
  "region_14": {
    "name": "Schleswig-Holstein",
    "dates": {
      "new_year": {
        "date": "01.01.",
        "type": "state"
      },
      "good_friday": {
        "date": "",
        "type": "religious"
      },
      "easter_monday": {
        "date": "",
        "type": "religious"
      },
      "labour_day": {
        "date": "01.05.",
        "type": "state"
      },
      "ascension_day": {
        "date": "",
        "type": "religious"
      },
      "whit_monday": {
        "date": "",
        "type": "religious"
      },
      "german_unity_day": {
        "date": "03.10.",
        "type": "state"
      },
      "reformation_day": {
        "date": "31.10.",
        "type": "state"
      },
      "christmas": {
        "date": "25.12.",
        "type": "religious"
      },
      "st_stephens_day": {
        "date": "26.12.",
        "type": "religious"
      }
    }
  },
  "region_15": {
    "name": "Thüringen",
    "dates": {
      "new_year": {
        "date": "01.01.",
        "type": "state"
      },
      "good_friday": {
        "date": "",
        "type": "religious"
      },
      "easter_monday": {
        "date": "",
        "type": "religious"
      },
      "labour_day": {
        "date": "01.05.",
        "type": "state"
      },
      "ascension_day": {
        "date": "",
        "type": "religious"
      },
      "whit_monday": {
        "date": "",
        "type": "religious"
      },
      "world_children's_day": {
        "date": "20.09.",
        "type": "state"
      },
      "german_unity_day": {
        "date": "03.10.",
        "type": "state"
      },
      "reformation_day": {
        "date": "31.10.",
        "type": "state"
      },
      "christmas": {
        "date": "25.12.",
        "type": "religious"
      },
      "st_stephens_day": {
        "date": "26.12.",
        "type": "religious"
      }
    }
  }
}
